{
    "accuracy": [
        0.5423173308372498,
        0.5982198715209961,
        0.616333544254303,
        0.6355403065681458,
        0.6695815324783325
    ],
    "loss": [
        0.6853057146072388,
        0.6628260016441345,
        0.6501694917678833,
        0.637679934501648,
        0.6036583781242371
    ],
    "val_accuracy": [
        0.5365396738052368,
        0.5933791399002075,
        0.6302310824394226,
        0.654590904712677,
        0.5596502423286438
    ],
    "val_loss": [
        0.6901794672012329,
        0.6630913615226746,
        0.640003502368927,
        0.6218173503875732,
        0.6973296999931335
    ],
    "final": {
        "train_accuracy": 0.6695815324783325,
        "train_loss": 0.6036583781242371
    }
}