{
    "accuracy": [
        0.6291000247001648,
        0.6800000071525574,
        0.6997500061988831,
        0.7102000117301941,
        0.725849986076355
    ],
    "loss": [
        0.633625328540802,
        0.5926476120948792,
        0.5745764374732971,
        0.5600348711013794,
        0.5461909770965576
    ],
    "val_accuracy": [
        0.5260000228881836,
        0.6636000275611877,
        0.7044000029563904,
        0.734000027179718,
        0.7197999954223633
    ],
    "val_loss": [
        0.7356293201446533,
        0.6226757168769836,
        0.5671783685684204,
        0.5384474396705627,
        0.5639590620994568
    ],
    "final": {
        "train_accuracy": 0.725849986076355,
        "train_loss": 0.5461909770965576
    }
}